Date_reported,Country_code,Country,New_cases,Cumulative_cases,New_deaths,Cumulative_deaths
2020-01-04,AU,Australia,0,0,0,0
2020-01-05,AU,Australia,0,0,0,0
2020-01-06,AU,Australia,0,0,0,0
2020-01-07,AU,Australia,0,0,0,0
2020-01-08,AU,Australia,0,0,0,0
2020-01-09,AU,Australia,0,0,0,0
2020-01-10,AU,Australia,0,0,0,0
2020-01-11,AU,Australia,0,0,0,0
2020-01-12,AU,Australia,0,0,0,0
2020-01-13,AU,Australia,0,0,0,0
2020-01-14,AU,Australia,0,0,0,0
2020-01-15,AU,Australia,0,0,0,0
2020-01-16,AU,Australia,0,0,0,0
2020-01-17,AU,Australia,0,0,0,0
2020-01-18,AU,Australia,0,0,0,0
2020-01-19,AU,Australia,0,0,0,0
2020-01-20,AU,Australia,0,0,0,0
2020-01-21,AU,Australia,0,0,0,0
2020-01-22,AU,Australia,0,0,0,0
2020-01-23,AU,Australia,0,0,0,0
2020-01-24,AU,Australia,0,0,0,0
2020-01-25,AU,Australia,1,1,0,0
2020-01-26,AU,Australia,3,4,0,0
2020-01-27,AU,Australia,0,4,0,0
2020-01-28,AU,Australia,1,5,0,0
2020-01-29,AU,Australia,0,5,0,0
2020-01-30,AU,Australia,2,7,0,0
2020-01-31,AU,Australia,2,9,0,0
2020-02-01,AU,Australia,0,9,0,0
2020-02-02,AU,Australia,3,12,0,0
2020-02-03,AU,Australia,0,12,0,0
2020-02-04,AU,Australia,0,12,0,0
2020-02-05,AU,Australia,1,13,0,0
2020-02-06,AU,Australia,1,14,0,0
2020-02-07,AU,Australia,1,15,0,0
2020-02-08,AU,Australia,0,15,0,0
2020-02-09,AU,Australia,0,15,0,0
2020-02-10,AU,Australia,0,15,0,0
2020-02-11,AU,Australia,0,15,0,0
2020-02-12,AU,Australia,0,15,0,0
2020-02-13,AU,Australia,0,15,0,0
2020-02-14,AU,Australia,0,15,0,0
2020-02-15,AU,Australia,0,15,0,0
2020-02-16,AU,Australia,0,15,0,0
2020-02-17,AU,Australia,0,15,0,0
2020-02-18,AU,Australia,0,15,0,0
2020-02-19,AU,Australia,0,15,0,0
2020-02-20,AU,Australia,0,15,0,0
2020-02-21,AU,Australia,0,15,0,0
2020-02-22,AU,Australia,6,21,0,0
2020-02-23,AU,Australia,1,22,0,0
2020-02-24,AU,Australia,0,22,0,0
2020-02-25,AU,Australia,0,22,0,0
2020-02-26,AU,Australia,1,23,0,0
2020-02-27,AU,Australia,0,23,0,0
2020-02-28,AU,Australia,0,23,0,0
2020-02-29,AU,Australia,2,25,0,0
2020-03-01,AU,Australia,0,25,0,0
2020-03-02,AU,Australia,4,29,1,1
2020-03-03,AU,Australia,0,29,0,1
2020-03-04,AU,Australia,4,33,1,2
2020-03-05,AU,Australia,10,43,0,2
2020-03-06,AU,Australia,14,57,0,2
2020-03-07,AU,Australia,6,63,1,3
2020-03-08,AU,Australia,7,70,1,4
2020-03-09,AU,Australia,7,77,0,4
2020-03-10,AU,Australia,15,92,0,4
2020-03-11,AU,Australia,8,100,0,4
2020-03-12,AU,Australia,22,122,0,4
2020-03-13,AU,Australia,18,140,0,4
2020-03-14,AU,Australia,57,197,2,6
2020-03-15,AU,Australia,52,249,1,7
2020-03-16,AU,Australia,49,298,0,7
2020-03-17,AU,Australia,38,336,0,7
2020-03-18,AU,Australia,78,414,1,8
2020-03-19,AU,Australia,151,565,0,8
2020-03-20,AU,Australia,126,691,1,9
2020-03-21,AU,Australia,182,873,0,9
2020-03-22,AU,Australia,208,1081,0,9
2020-03-23,AU,Australia,315,1396,0,9
2020-03-24,AU,Australia,313,1709,0,9
2020-03-25,AU,Australia,543,2252,1,10
2020-03-26,AU,Australia,171,2423,1,11
2020-03-27,AU,Australia,562,2985,4,15
2020-03-28,AU,Australia,393,3378,1,16
2020-03-29,AU,Australia,431,3809,0,16
2020-03-30,AU,Australia,284,4093,3,19
2020-03-31,AU,Australia,266,4359,2,21
2020-04-01,AU,Australia,348,4707,1,22
2020-04-02,AU,Australia,269,4976,2,24
2020-04-03,AU,Australia,248,5224,4,28
2020-04-04,AU,Australia,230,5454,5,33
2020-04-05,AU,Australia,181,5635,3,36
2020-04-06,AU,Australia,109,5744,5,41
2020-04-07,AU,Australia,100,5844,8,49
2020-04-08,AU,Australia,112,5956,2,51
2020-04-09,AU,Australia,96,6052,2,53
2020-04-10,AU,Australia,100,6152,2,55
2020-04-11,AU,Australia,86,6238,3,58
2020-04-12,AU,Australia,51,6289,3,61
2020-04-13,AU,Australia,33,6322,2,63
2020-04-14,AU,Australia,44,6366,0,63
2020-04-15,AU,Australia,50,6416,1,64
2020-04-16,AU,Australia,42,6458,2,66
2020-04-17,AU,Australia,10,6468,1,67
2020-04-18,AU,Australia,65,6533,5,72
2020-04-19,AU,Australia,53,6586,1,73
2020-04-20,AU,Australia,26,6612,1,74
2020-04-21,AU,Australia,13,6625,1,75
2020-04-22,AU,Australia,22,6647,2,77
2020-04-23,AU,Australia,7,6654,1,78
2020-04-24,AU,Australia,13,6667,2,80
2020-04-25,AU,Australia,20,6687,3,83
2020-04-26,AU,Australia,16,6703,2,85
2020-04-27,AU,Australia,10,6713,1,86
2020-04-28,AU,Australia,12,6725,3,89
2020-04-29,AU,Australia,13,6738,5,94
2020-04-30,AU,Australia,8,6746,1,95
2020-05-01,AU,Australia,16,6762,3,98
2020-05-02,AU,Australia,5,6767,0,98
2020-05-03,AU,Australia,16,6783,1,99
2020-05-04,AU,Australia,18,6801,0,99
2020-05-05,AU,Australia,24,6825,1,100
2020-05-06,AU,Australia,24,6849,1,101
2020-05-07,AU,Australia,26,6875,0,101
2020-05-08,AU,Australia,21,6896,0,101
2020-05-09,AU,Australia,18,6914,0,101
2020-05-10,AU,Australia,15,6929,0,101
2020-05-11,AU,Australia,12,6941,0,101
2020-05-12,AU,Australia,7,6948,1,102
2020-05-13,AU,Australia,16,6964,1,103
2020-05-14,AU,Australia,11,6975,0,103
2020-05-15,AU,Australia,14,6989,0,103
2020-05-16,AU,Australia,30,7019,0,103
2020-05-17,AU,Australia,17,7036,0,103
2020-05-18,AU,Australia,9,7045,1,104
2020-05-19,AU,Australia,15,7060,0,104
2020-05-20,AU,Australia,8,7068,1,105
2020-05-21,AU,Australia,11,7079,0,105
2020-05-22,AU,Australia,2,7081,1,106
2020-05-23,AU,Australia,14,7095,1,107
2020-05-24,AU,Australia,11,7106,0,107
2020-05-25,AU,Australia,3,7109,0,107
2020-05-26,AU,Australia,9,7118,0,107
2020-05-27,AU,Australia,15,7133,0,107
2020-05-28,AU,Australia,6,7139,0,107
2020-05-29,AU,Australia,11,7150,0,107
2020-05-30,AU,Australia,23,7173,0,107
2020-05-31,AU,Australia,12,7185,0,107
2020-06-01,AU,Australia,10,7195,0,107
2020-06-02,AU,Australia,9,7204,0,107
2020-06-03,AU,Australia,17,7221,0,107
2020-06-04,AU,Australia,8,7229,0,107
2020-06-05,AU,Australia,11,7240,0,107
2020-06-06,AU,Australia,11,7251,0,107
2020-06-07,AU,Australia,4,7255,0,107
2020-06-08,AU,Australia,5,7260,0,107
2020-06-09,AU,Australia,5,7265,0,107
2020-06-10,AU,Australia,2,7267,0,107
2020-06-11,AU,Australia,0,7267,0,107
2020-06-12,AU,Australia,18,7285,0,107
2020-06-13,AU,Australia,5,7290,0,107
2020-06-14,AU,Australia,12,7302,0,107
2020-06-15,AU,Australia,18,7320,0,107
2020-06-16,AU,Australia,15,7335,0,107
2020-06-17,AU,Australia,12,7347,0,107
2020-06-18,AU,Australia,23,7370,0,107
2020-06-19,AU,Australia,21,7391,0,107
2020-06-20,AU,Australia,18,7409,0,107
2020-06-21,AU,Australia,27,7436,0,107
2020-06-22,AU,Australia,25,7461,0,107
2020-06-23,AU,Australia,13,7474,0,107
2020-06-24,AU,Australia,18,7492,0,107
2020-06-25,AU,Australia,29,7521,1,108
2020-06-26,AU,Australia,37,7558,0,108
2020-06-27,AU,Australia,37,7595,0,108
2020-06-28,AU,Australia,46,7641,0,108
2020-06-29,AU,Australia,45,7686,0,108
2020-06-30,AU,Australia,81,7767,0,108
2020-07-01,AU,Australia,67,7834,0,108
2020-07-02,AU,Australia,86,7920,0,108
2020-07-03,AU,Australia,81,8001,1,109
2020-07-04,AU,Australia,254,8255,0,109
2020-07-05,AU,Australia,107,8362,0,109
2020-07-06,AU,Australia,87,8449,1,110
2020-07-07,AU,Australia,137,8586,1,111
2020-07-08,AU,Australia,169,8755,0,111
2020-07-09,AU,Australia,131,8886,0,111
2020-07-10,AU,Australia,173,9059,0,111
2020-07-11,AU,Australia,300,9359,1,112
2020-07-12,AU,Australia,194,9553,1,113
2020-07-13,AU,Australia,244,9797,0,113
2020-07-14,AU,Australia,183,9980,0,113
2020-07-15,AU,Australia,271,10251,3,116
2020-07-16,AU,Australia,244,10495,4,120
2020-07-17,AU,Australia,315,10810,2,122
2020-07-18,AU,Australia,425,11235,4,126
2020-07-19,AU,Australia,206,11441,3,129
2020-07-20,AU,Australia,361,11802,3,132
2020-07-21,AU,Australia,267,12069,4,136
2020-07-22,AU,Australia,359,12428,4,140
2020-07-23,AU,Australia,468,12896,4,144
2020-07-24,AU,Australia,410,13306,9,153
2020-07-25,AU,Australia,289,13595,8,161
2020-07-26,AU,Australia,355,13950,13,174
2020-07-27,AU,Australia,453,14403,6,180
2020-07-28,AU,Australia,532,14935,15,195
2020-07-29,AU,Australia,369,15304,13,208
2020-07-30,AU,Australia,278,15582,18,226
2020-07-31,AU,Australia,721,16303,13,239
2020-08-01,AU,Australia,602,16905,16,255
2020-08-02,AU,Australia,377,17282,14,269
2020-08-03,AU,Australia,641,17923,16,285
2020-08-04,AU,Australia,395,18318,11,296
2020-08-05,AU,Australia,411,18729,11,307
2020-08-06,AU,Australia,715,19444,17,324
2020-08-07,AU,Australia,418,19862,12,336
2020-08-08,AU,Australia,410,20272,18,354
2020-08-09,AU,Australia,426,20698,21,375
2020-08-10,AU,Australia,386,21084,21,396
2020-08-11,AU,Australia,313,21397,17,413
2020-08-12,AU,Australia,316,21713,28,441
2020-08-13,AU,Australia,414,22127,17,458
2020-08-14,AU,Australia,231,22358,20,478
2020-08-15,AU,Australia,385,22743,11,489
2020-08-16,AU,Australia,292,23035,24,513
2020-08-17,AU,Australia,253,23288,27,540
2020-08-18,AU,Australia,271,23559,17,557
2020-08-19,AU,Australia,214,23773,15,572
2020-08-20,AU,Australia,220,23993,9,581
2020-08-21,AU,Australia,243,24236,13,594
2020-08-22,AU,Australia,171,24407,17,611
2020-08-23,AU,Australia,195,24602,16,627
2020-08-24,AU,Australia,210,24812,18,645
2020-08-25,AU,Australia,104,24916,15,660
2020-08-26,AU,Australia,137,25053,15,675
2020-08-27,AU,Australia,152,25205,11,686
2020-08-28,AU,Australia,117,25322,10,696
2020-08-29,AU,Australia,126,25448,15,711
2020-08-30,AU,Australia,99,25547,13,724
2020-08-31,AU,Australia,123,25670,9,733
2020-09-01,AU,Australia,76,25746,7,740
2020-09-02,AU,Australia,73,25819,4,744
2020-09-03,AU,Australia,104,25923,9,753
2020-09-04,AU,Australia,126,26049,8,761
2020-09-05,AU,Australia,87,26136,10,771
2020-09-06,AU,Australia,71,26207,11,782
2020-09-07,AU,Australia,72,26279,8,790
2020-09-08,AU,Australia,43,26322,5,795
2020-09-09,AU,Australia,52,26374,9,804
2020-09-10,AU,Australia,91,26465,7,811
2020-09-11,AU,Australia,48,26513,9,820
2020-09-12,AU,Australia,52,26565,4,824
2020-09-13,AU,Australia,42,26607,4,828
2020-09-14,AU,Australia,44,26651,6,834
2020-09-15,AU,Australia,41,26692,3,837
2020-09-16,AU,Australia,46,26738,5,842
2020-09-17,AU,Australia,41,26779,3,845
2020-09-18,AU,Australia,34,26813,6,851
2020-09-19,AU,Australia,48,26861,10,861
2020-09-20,AU,Australia,24,26885,3,864
2020-09-21,AU,Australia,13,26898,4,868
2020-09-22,AU,Australia,14,26912,4,872
2020-09-23,AU,Australia,30,26942,4,876
2020-09-24,AU,Australia,31,26973,3,879
2020-09-25,AU,Australia,10,26983,6,885
2020-09-26,AU,Australia,17,27000,1,886
2020-09-27,AU,Australia,16,27016,1,887
2020-09-28,AU,Australia,24,27040,3,890
2020-09-29,AU,Australia,4,27044,5,895
2020-09-30,AU,Australia,19,27063,3,898
2020-10-01,AU,Australia,15,27078,2,900
2020-10-02,AU,Australia,18,27096,4,904
2020-10-03,AU,Australia,17,27113,1,905
2020-10-04,AU,Australia,8,27121,1,906
2020-10-05,AU,Australia,15,27136,1,907
2020-10-06,AU,Australia,13,27149,0,907
2020-10-07,AU,Australia,25,27174,1,908
2020-10-08,AU,Australia,8,27182,1,909
2020-10-09,AU,Australia,24,27206,1,910
2020-10-10,AU,Australia,23,27229,0,910
2020-10-11,AU,Australia,15,27244,1,911
2020-10-12,AU,Australia,20,27264,0,911
2020-10-13,AU,Australia,22,27286,0,911
2020-10-14,AU,Australia,31,27317,1,912
2020-10-15,AU,Australia,24,27341,0,912
2020-10-16,AU,Australia,21,27362,0,912
2020-10-17,AU,Australia,9,27371,0,912
2020-10-18,AU,Australia,12,27383,0,912
2020-10-19,AU,Australia,7,27390,1,913
2020-10-20,AU,Australia,9,27399,0,913
2020-10-21,AU,Australia,31,27430,0,913
2020-10-22,AU,Australia,14,27444,0,913
2020-10-23,AU,Australia,22,27466,0,913
2020-10-24,AU,Australia,18,27484,1,914
2020-10-25,AU,Australia,15,27499,0,914
2020-10-26,AU,Australia,21,27520,0,914
2020-10-27,AU,Australia,7,27527,0,914
2020-10-28,AU,Australia,14,27541,0,914
2020-10-29,AU,Australia,13,27554,0,914
2020-10-30,AU,Australia,15,27569,0,914
2020-10-31,AU,Australia,13,27582,0,914
2020-11-01,AU,Australia,8,27590,0,914
2020-11-02,AU,Australia,5,27595,0,914
2020-11-03,AU,Australia,7,27602,0,914
2020-11-04,AU,Australia,8,27610,0,914
2020-11-05,AU,Australia,12,27622,0,914
2020-11-06,AU,Australia,11,27633,0,914
2020-11-07,AU,Australia,12,27645,0,914
2020-11-08,AU,Australia,7,27652,0,914
2020-11-09,AU,Australia,6,27658,3,917
2020-11-10,AU,Australia,10,27668,0,917
2020-11-11,AU,Australia,10,27678,0,917
2020-11-12,AU,Australia,8,27686,0,917
2020-11-13,AU,Australia,12,27698,0,917
2020-11-14,AU,Australia,5,27703,0,917
2020-11-15,AU,Australia,8,27711,0,917
2020-11-16,AU,Australia,14,27725,0,917
2020-11-17,AU,Australia,25,27750,0,917
2020-11-18,AU,Australia,6,27756,0,917
2020-11-19,AU,Australia,21,27777,0,917
2020-11-20,AU,Australia,7,27784,0,917
2020-11-21,AU,Australia,5,27789,0,917
2020-11-22,AU,Australia,18,27807,0,917
2020-11-23,AU,Australia,14,27821,0,917
2020-11-24,AU,Australia,14,27835,1,918
2020-11-25,AU,Australia,13,27848,0,918
2020-11-26,AU,Australia,6,27854,0,918
2020-11-27,AU,Australia,13,27867,0,918
2020-11-28,AU,Australia,7,27874,0,918
2020-11-29,AU,Australia,11,27885,0,918
2020-11-30,AU,Australia,8,27893,1,919
2020-12-01,AU,Australia,11,27904,0,919
2020-12-02,AU,Australia,8,27912,0,919
2020-12-03,AU,Australia,11,27923,0,919
2020-12-04,AU,Australia,16,27939,0,919
2020-12-05,AU,Australia,10,27949,0,919
2020-12-06,AU,Australia,7,27956,0,919
2020-12-07,AU,Australia,9,27965,0,919
2020-12-08,AU,Australia,7,27972,0,919
2020-12-09,AU,Australia,15,27987,0,919
2020-12-10,AU,Australia,6,27993,0,919
2020-12-11,AU,Australia,7,28000,0,919
2020-12-12,AU,Australia,12,28012,0,919
2020-12-13,AU,Australia,13,28025,0,919
2020-12-14,AU,Australia,6,28031,0,919
2020-12-15,AU,Australia,8,28039,0,919
2020-12-16,AU,Australia,8,28047,0,919
2020-12-17,AU,Australia,12,28059,0,919
2020-12-18,AU,Australia,13,28072,0,919
2020-12-19,AU,Australia,22,28094,0,919
2020-12-20,AU,Australia,34,28128,0,919
2020-12-21,AU,Australia,43,28171,0,919
2020-12-22,AU,Australia,27,28198,1,920
2020-12-23,AU,Australia,21,28219,0,920
2020-12-24,AU,Australia,19,28238,0,920
2020-12-25,AU,Australia,24,28262,0,920
2020-12-26,AU,Australia,0,28262,0,920
2020-12-27,AU,Australia,34,28296,0,920
2020-12-28,AU,Australia,16,28312,0,920
2020-12-29,AU,Australia,25,28337,0,920
2020-12-30,AU,Australia,13,28350,0,920
2020-12-31,AU,Australia,31,28381,0,920
2021-01-01,AU,Australia,46,28427,0,920
2021-01-02,AU,Australia,35,28462,0,920
2021-01-03,AU,Australia,21,28483,2,922
2021-01-04,AU,Australia,21,28504,0,922
2021-01-05,AU,Australia,15,28519,0,922
2021-01-06,AU,Australia,17,28536,0,922
2021-01-07,AU,Australia,11,28547,0,922
2021-01-08,AU,Australia,24,28571,0,922
2021-01-09,AU,Australia,11,28582,0,922
2021-01-10,AU,Australia,13,28595,0,922
2021-01-11,AU,Australia,19,28614,0,922
2021-01-12,AU,Australia,20,28634,0,922
2021-01-13,AU,Australia,16,28650,1,923
2021-01-14,AU,Australia,8,28658,0,923
2021-01-15,AU,Australia,11,28669,0,923
2021-01-16,AU,Australia,20,28689,0,923
2021-01-17,AU,Australia,19,28708,0,923
2021-01-18,AU,Australia,13,28721,0,923
2021-01-19,AU,Australia,9,28730,0,923
2021-01-20,AU,Australia,10,28740,0,923
2021-01-21,AU,Australia,10,28750,0,923
2021-01-22,AU,Australia,5,28755,0,923
2021-01-23,AU,Australia,6,28761,0,923
2021-01-24,AU,Australia,5,28766,0,923
2021-01-25,AU,Australia,11,28777,0,923
2021-01-26,AU,Australia,3,28780,0,923
2021-01-27,AU,Australia,6,28786,0,923
2021-01-28,AU,Australia,8,28794,0,923
2021-01-29,AU,Australia,6,28800,0,923
2021-01-30,AU,Australia,6,28806,0,923
2021-01-31,AU,Australia,5,28811,0,923
2021-02-01,AU,Australia,7,28818,0,923
2021-02-02,AU,Australia,6,28824,0,923
2021-02-03,AU,Australia,5,28829,0,923
2021-02-04,AU,Australia,9,28838,0,923
2021-02-05,AU,Australia,4,28842,0,923
2021-02-06,AU,Australia,6,28848,0,923
2021-02-07,AU,Australia,2,28850,0,923
2021-02-08,AU,Australia,7,28857,0,923
2021-02-09,AU,Australia,3,28860,0,923
2021-02-10,AU,Australia,11,28871,0,923
2021-02-11,AU,Australia,8,28879,0,923
2021-02-12,AU,Australia,7,28886,0,923
2021-02-13,AU,Australia,6,28892,0,923
2021-02-14,AU,Australia,6,28898,0,923
2021-02-15,AU,Australia,2,28900,0,923
2021-02-16,AU,Australia,5,28905,0,923
2021-02-17,AU,Australia,6,28911,0,923
2021-02-18,AU,Australia,1,28912,0,923
2021-02-19,AU,Australia,6,28918,0,923
2021-02-20,AU,Australia,2,28920,1,924
2021-02-21,AU,Australia,6,28926,0,924
2021-02-22,AU,Australia,4,28930,0,924
2021-02-23,AU,Australia,7,28937,0,924
2021-02-24,AU,Australia,2,28939,0,924
2021-02-25,AU,Australia,8,28947,0,924
2021-02-26,AU,Australia,11,28958,0,924
2021-02-27,AU,Australia,7,28965,0,924
2021-02-28,AU,Australia,5,28970,0,924
2021-03-01,AU,Australia,8,28978,0,924
2021-03-02,AU,Australia,8,28986,0,924
2021-03-03,AU,Australia,10,28996,0,924
2021-03-04,AU,Australia,6,29002,0,924
2021-03-05,AU,Australia,18,29020,0,924
2021-03-06,AU,Australia,10,29030,0,924
2021-03-07,AU,Australia,7,29037,0,924
2021-03-08,AU,Australia,9,29046,0,924
2021-03-09,AU,Australia,15,29061,0,924
2021-03-10,AU,Australia,14,29075,0,924
2021-03-11,AU,Australia,15,29090,0,924
2021-03-12,AU,Australia,12,29102,1,925
2021-03-13,AU,Australia,10,29112,0,925
2021-03-14,AU,Australia,5,29117,0,925
2021-03-15,AU,Australia,13,29130,0,925
2021-03-16,AU,Australia,7,29137,0,925
2021-03-17,AU,Australia,16,29153,0,925
2021-03-18,AU,Australia,13,29166,0,925
2021-03-19,AU,Australia,17,29183,0,925
2021-03-20,AU,Australia,9,29192,0,925
2021-03-21,AU,Australia,4,29196,0,925
2021-03-22,AU,Australia,10,29206,0,925
2021-03-23,AU,Australia,5,29211,0,925
2021-03-24,AU,Australia,9,29220,0,925
2021-03-25,AU,Australia,8,29228,0,925
2021-03-26,AU,Australia,12,29240,0,925
2021-03-27,AU,Australia,12,29252,0,925
2021-03-28,AU,Australia,8,29260,0,925
2021-03-29,AU,Australia,18,29278,1,926
2021-03-30,AU,Australia,18,29296,0,926
2021-03-31,AU,Australia,8,29304,0,926
2021-04-01,AU,Australia,18,29322,0,926
2021-04-02,AU,Australia,13,29335,0,926
2021-04-03,AU,Australia,6,29341,0,926
2021-04-04,AU,Australia,7,29348,0,926
2021-04-05,AU,Australia,9,29357,0,926
2021-04-06,AU,Australia,8,29365,0,926
2021-04-07,AU,Australia,14,29379,0,926
2021-04-08,AU,Australia,6,29385,0,926
2021-04-09,AU,Australia,5,29390,0,926
2021-04-10,AU,Australia,6,29396,0,926
2021-04-11,AU,Australia,9,29405,0,926
2021-04-12,AU,Australia,14,29419,0,926
2021-04-13,AU,Australia,18,29437,1,927
2021-04-14,AU,Australia,14,29451,0,927
2021-04-15,AU,Australia,18,29469,0,927
2021-04-16,AU,Australia,15,29484,0,927
2021-04-17,AU,Australia,21,29505,1,928
2021-04-18,AU,Australia,14,29519,0,928
2021-04-19,AU,Australia,24,29543,0,928
2021-04-20,AU,Australia,16,29559,0,928
2021-04-21,AU,Australia,19,29578,0,928
2021-04-22,AU,Australia,24,29602,0,928
2021-04-23,AU,Australia,37,29639,0,928
2021-04-24,AU,Australia,19,29658,0,928
2021-04-25,AU,Australia,8,29666,0,928
2021-04-26,AU,Australia,29,29695,0,928
2021-04-27,AU,Australia,30,29725,0,928
2021-04-28,AU,Australia,24,29749,0,928
2021-04-29,AU,Australia,30,29779,0,928
2021-04-30,AU,Australia,22,29801,0,928
2021-05-01,AU,Australia,11,29812,0,928
2021-05-02,AU,Australia,14,29826,0,928
2021-05-03,AU,Australia,15,29841,0,928
2021-05-04,AU,Australia,11,29852,0,928
2021-05-05,AU,Australia,13,29865,0,928
2021-05-06,AU,Australia,21,29886,0,928
2021-05-07,AU,Australia,11,29897,0,928
2021-05-08,AU,Australia,9,29906,0,928
2021-05-09,AU,Australia,17,29923,0,928
2021-05-10,AU,Australia,8,29931,0,928
2021-05-11,AU,Australia,8,29939,0,928
2021-05-12,AU,Australia,8,29947,0,928
2021-05-13,AU,Australia,8,29955,0,928
2021-05-14,AU,Australia,2,29957,0,928
2021-05-15,AU,Australia,10,29967,0,928
2021-05-16,AU,Australia,8,29975,0,928
2021-05-17,AU,Australia,3,29978,0,928
2021-05-18,AU,Australia,10,29988,0,928
2021-05-19,AU,Australia,3,29991,0,928
2021-05-20,AU,Australia,6,29997,0,928
2021-05-21,AU,Australia,3,30000,0,928
2021-05-22,AU,Australia,4,30004,0,928
2021-05-23,AU,Australia,7,30011,0,928
2021-05-24,AU,Australia,10,30021,0,928
2021-05-25,AU,Australia,9,30030,0,928
2021-05-26,AU,Australia,18,30048,0,928
2021-05-27,AU,Australia,15,30063,0,928
2021-05-28,AU,Australia,10,30073,0,928
2021-05-29,AU,Australia,10,30083,0,928
2021-05-30,AU,Australia,15,30098,0,928
2021-05-31,AU,Australia,8,30106,0,928
2021-06-01,AU,Australia,12,30118,0,928
2021-06-02,AU,Australia,12,30130,0,928
2021-06-03,AU,Australia,7,30137,0,928
2021-06-04,AU,Australia,13,30150,0,928
2021-06-05,AU,Australia,8,30158,0,928
2021-06-06,AU,Australia,297,30455,0,928
2021-06-07,AU,Australia,0,30455,0,928
2021-06-08,AU,Australia,0,30455,0,928
2021-06-09,AU,Australia,0,30455,0,928
2021-06-10,AU,Australia,0,30455,0,928
2021-06-11,AU,Australia,0,30455,0,928
2021-06-12,AU,Australia,0,30455,0,928
2021-06-13,AU,Australia,58,30513,0,928
2021-06-14,AU,Australia,0,30513,0,928
2021-06-15,AU,Australia,0,30513,0,928
2021-06-16,AU,Australia,0,30513,0,928
2021-06-17,AU,Australia,0,30513,0,928
2021-06-18,AU,Australia,0,30513,0,928
2021-06-19,AU,Australia,0,30513,0,928
2021-06-20,AU,Australia,87,30600,0,928
2021-06-21,AU,Australia,0,30600,0,928
2021-06-22,AU,Australia,0,30600,0,928
2021-06-23,AU,Australia,0,30600,0,928
2021-06-24,AU,Australia,0,30600,0,928
2021-06-25,AU,Australia,0,30600,0,928
2021-06-26,AU,Australia,0,30600,0,928
2021-06-27,AU,Australia,235,30835,0,928
2021-06-28,AU,Australia,0,30835,0,928
2021-06-29,AU,Australia,0,30835,0,928
2021-06-30,AU,Australia,0,30835,0,928
2021-07-01,AU,Australia,0,30835,0,928
2021-07-02,AU,Australia,0,30835,0,928
2021-07-03,AU,Australia,0,30835,0,928
2021-07-04,AU,Australia,276,31111,0,928
2021-07-05,AU,Australia,0,31111,0,928
2021-07-06,AU,Australia,0,31111,0,928
2021-07-07,AU,Australia,0,31111,0,928
2021-07-08,AU,Australia,0,31111,0,928
2021-07-09,AU,Australia,0,31111,1,929
2021-07-10,AU,Australia,0,31111,1,930
2021-07-11,AU,Australia,549,31660,0,930
2021-07-12,AU,Australia,0,31660,1,931
2021-07-13,AU,Australia,0,31660,1,932
2021-07-14,AU,Australia,0,31660,1,933
2021-07-15,AU,Australia,0,31660,0,933
2021-07-16,AU,Australia,0,31660,2,935
2021-07-17,AU,Australia,0,31660,0,935
2021-07-18,AU,Australia,875,32535,0,935
2021-07-19,AU,Australia,0,32535,2,937
2021-07-20,AU,Australia,0,32535,0,937
2021-07-21,AU,Australia,0,32535,0,937
2021-07-22,AU,Australia,0,32535,0,937
2021-07-23,AU,Australia,0,32535,1,938
2021-07-24,AU,Australia,0,32535,0,938
2021-07-25,AU,Australia,1260,33795,2,940
2021-07-26,AU,Australia,0,33795,2,942
2021-07-27,AU,Australia,0,33795,1,943
2021-07-28,AU,Australia,0,33795,2,945
2021-07-29,AU,Australia,0,33795,1,946
2021-07-30,AU,Australia,0,33795,0,946
2021-07-31,AU,Australia,0,33795,0,946
2021-08-01,AU,Australia,1667,35462,1,947
2021-08-02,AU,Australia,0,35462,0,947
2021-08-03,AU,Australia,0,35462,2,949
2021-08-04,AU,Australia,0,35462,4,953
2021-08-05,AU,Australia,0,35462,2,955
2021-08-06,AU,Australia,0,35462,5,960
2021-08-07,AU,Australia,0,35462,2,962
2021-08-08,AU,Australia,2313,37775,1,963
2021-08-09,AU,Australia,0,37775,4,967
2021-08-10,AU,Australia,0,37775,1,968
2021-08-11,AU,Australia,0,37775,2,970
2021-08-12,AU,Australia,0,37775,3,973
2021-08-13,AU,Australia,0,37775,5,978
2021-08-14,AU,Australia,0,37775,6,984
2021-08-15,AU,Australia,3613,41388,6,990
2021-08-16,AU,Australia,0,41388,2,992
2021-08-17,AU,Australia,0,41388,4,996
2021-08-18,AU,Australia,0,41388,2,998
2021-08-19,AU,Australia,0,41388,2,1000
2021-08-20,AU,Australia,0,41388,6,1006
2021-08-21,AU,Australia,0,41388,4,1010
2021-08-22,AU,Australia,6133,47521,2,1012
2021-08-23,AU,Australia,0,47521,2,1014
2021-08-24,AU,Australia,0,47521,0,1014
2021-08-25,AU,Australia,0,47521,1,1015
2021-08-26,AU,Australia,0,47521,3,1018
2021-08-27,AU,Australia,0,47521,4,1022
2021-08-28,AU,Australia,0,47521,6,1028
2021-08-29,AU,Australia,8140,55661,4,1032
2021-08-30,AU,Australia,0,55661,7,1039
2021-08-31,AU,Australia,0,55661,9,1048
2021-09-01,AU,Australia,0,55661,11,1059
2021-09-02,AU,Australia,0,55661,9,1068
2021-09-03,AU,Australia,0,55661,3,1071
2021-09-04,AU,Australia,0,55661,6,1077
2021-09-05,AU,Australia,11094,66755,7,1084
2021-09-06,AU,Australia,0,66755,8,1092
2021-09-07,AU,Australia,0,66755,8,1100
2021-09-08,AU,Australia,0,66755,9,1109
2021-09-09,AU,Australia,0,66755,10,1119
2021-09-10,AU,Australia,0,66755,5,1124
2021-09-11,AU,Australia,0,66755,10,1134
2021-09-12,AU,Australia,12596,79351,6,1140
2021-09-13,AU,Australia,0,79351,7,1147
2021-09-14,AU,Australia,0,79351,14,1161
2021-09-15,AU,Australia,0,79351,12,1173
2021-09-16,AU,Australia,0,79351,15,1188
2021-09-17,AU,Australia,0,79351,8,1196
2021-09-18,AU,Australia,0,79351,14,1210
2021-09-19,AU,Australia,12301,91652,7,1217
2021-09-20,AU,Australia,0,91652,14,1231
2021-09-21,AU,Australia,0,91652,10,1241
2021-09-22,AU,Australia,0,91652,14,1255
2021-09-23,AU,Australia,0,91652,14,1269
2021-09-24,AU,Australia,0,91652,12,1281
2021-09-25,AU,Australia,0,91652,12,1293
2021-09-26,AU,Australia,12498,104150,19,1312
2021-09-27,AU,Australia,0,104150,13,1325
2021-09-28,AU,Australia,0,104150,19,1344
2021-09-29,AU,Australia,0,104150,17,1361
2021-09-30,AU,Australia,0,104150,20,1381
2021-10-01,AU,Australia,0,104150,15,1396
2021-10-02,AU,Australia,0,104150,12,1408
2021-10-03,AU,Australia,15401,119551,14,1422
2021-10-04,AU,Australia,0,119551,15,1437
2021-10-05,AU,Australia,0,119551,18,1455
2021-10-06,AU,Australia,0,119551,15,1470
2021-10-07,AU,Australia,0,119551,23,1493
2021-10-08,AU,Australia,0,119551,11,1504
2021-10-09,AU,Australia,0,119551,22,1526
2021-10-10,AU,Australia,15281,134832,15,1541
2021-10-11,AU,Australia,0,134832,14,1555
2021-10-12,AU,Australia,0,134832,16,1571
2021-10-13,AU,Australia,0,134832,14,1585
2021-10-14,AU,Australia,0,134832,11,1596
2021-10-15,AU,Australia,0,134832,21,1617
2021-10-16,AU,Australia,0,134832,18,1635
2021-10-17,AU,Australia,15347,150179,11,1646
2021-10-18,AU,Australia,0,150179,19,1665
2021-10-19,AU,Australia,0,150179,16,1681
2021-10-20,AU,Australia,0,150179,12,1693
2021-10-21,AU,Australia,0,150179,19,1712
2021-10-22,AU,Australia,0,150179,13,1725
2021-10-23,AU,Australia,0,150179,17,1742
2021-10-24,AU,Australia,13759,163938,12,1754
2021-10-25,AU,Australia,0,163938,26,1780
2021-10-26,AU,Australia,0,163938,13,1793
2021-10-27,AU,Australia,0,163938,11,1804
2021-10-28,AU,Australia,0,163938,17,1821
2021-10-29,AU,Australia,0,163938,15,1836
2021-10-30,AU,Australia,0,163938,12,1848
2021-10-31,AU,Australia,10046,173984,18,1866
2021-11-01,AU,Australia,0,173984,10,1876
2021-11-02,AU,Australia,0,173984,17,1893
2021-11-03,AU,Australia,0,173984,10,1903
2021-11-04,AU,Australia,0,173984,14,1917
2021-11-05,AU,Australia,0,173984,13,1930
2021-11-06,AU,Australia,0,173984,15,1945
2021-11-07,AU,Australia,9666,183650,18,1963
2021-11-08,AU,Australia,0,183650,10,1973
2021-11-09,AU,Australia,0,183650,11,1984
2021-11-10,AU,Australia,0,183650,10,1994
2021-11-11,AU,Australia,0,183650,10,2004
2021-11-12,AU,Australia,0,183650,7,2011
2021-11-13,AU,Australia,0,183650,10,2021
2021-11-14,AU,Australia,8701,192351,8,2029
2021-11-15,AU,Australia,0,192351,7,2036
2021-11-16,AU,Australia,0,192351,10,2046
2021-11-17,AU,Australia,0,192351,16,2062
2021-11-18,AU,Australia,0,192351,10,2072
2021-11-19,AU,Australia,0,192351,13,2085
2021-11-20,AU,Australia,0,192351,11,2096
2021-11-21,AU,Australia,9330,201681,14,2110
2021-11-22,AU,Australia,0,201681,8,2118
2021-11-23,AU,Australia,0,201681,8,2126
2021-11-24,AU,Australia,0,201681,12,2138
2021-11-25,AU,Australia,0,201681,6,2144
2021-11-26,AU,Australia,0,201681,8,2152
2021-11-27,AU,Australia,0,201681,5,2157
2021-11-28,AU,Australia,9744,211425,9,2166
2021-11-29,AU,Australia,0,211425,5,2171
2021-11-30,AU,Australia,0,211425,6,2177
2021-12-01,AU,Australia,0,211425,9,2186
2021-12-02,AU,Australia,0,211425,7,2193
2021-12-03,AU,Australia,0,211425,7,2200
2021-12-04,AU,Australia,0,211425,6,2206
2021-12-05,AU,Australia,10526,221951,12,2218
2021-12-06,AU,Australia,0,221951,4,2222
2021-12-07,AU,Australia,0,221951,5,2227
2021-12-08,AU,Australia,0,221951,6,2233
2021-12-09,AU,Australia,0,221951,6,2239
2021-12-10,AU,Australia,0,221951,6,2245
2021-12-11,AU,Australia,0,221951,3,2248
2021-12-12,AU,Australia,13403,235354,6,2254
2021-12-13,AU,Australia,0,235354,9,2263
2021-12-14,AU,Australia,0,235354,10,2273
2021-12-15,AU,Australia,0,235354,8,2281
2021-12-16,AU,Australia,0,235354,6,2287
2021-12-17,AU,Australia,0,235354,6,2293
2021-12-18,AU,Australia,0,235354,12,2305
2021-12-19,AU,Australia,31489,266843,3,2308
2021-12-20,AU,Australia,0,266843,10,2318
2021-12-21,AU,Australia,0,266843,10,2328
2021-12-22,AU,Australia,0,266843,11,2339
2021-12-23,AU,Australia,0,266843,9,2348
2021-12-24,AU,Australia,0,266843,7,2355
2021-12-25,AU,Australia,0,266843,11,2366
2021-12-26,AU,Australia,99764,366607,11,2377
2021-12-27,AU,Australia,0,366607,11,2388
2021-12-28,AU,Australia,0,366607,9,2397
2021-12-29,AU,Australia,0,366607,13,2410
2021-12-30,AU,Australia,0,366607,19,2429
2021-12-31,AU,Australia,0,366607,14,2443
2022-01-01,AU,Australia,0,366607,17,2460
2022-01-02,AU,Australia,289614,656221,20,2480
2022-01-03,AU,Australia,0,656221,18,2498
2022-01-04,AU,Australia,0,656221,18,2516
2022-01-05,AU,Australia,0,656221,25,2541
2022-01-06,AU,Australia,0,656221,23,2564
2022-01-07,AU,Australia,0,656221,36,2600
2022-01-08,AU,Australia,0,656221,50,2650
2022-01-09,AU,Australia,588813,1245034,49,2699
2022-01-10,AU,Australia,0,1245034,40,2739
2022-01-11,AU,Australia,0,1245034,54,2793
2022-01-12,AU,Australia,0,1245034,56,2849
2022-01-13,AU,Australia,0,1245034,70,2919
2022-01-14,AU,Australia,0,1245034,76,2995
2022-01-15,AU,Australia,0,1245034,68,3063
2022-01-16,AU,Australia,462325,1707359,76,3139
2022-01-17,AU,Australia,0,1707359,93,3232
2022-01-18,AU,Australia,0,1707359,87,3319
2022-01-19,AU,Australia,0,1707359,76,3395
2022-01-20,AU,Australia,0,1707359,91,3486
2022-01-21,AU,Australia,0,1707359,114,3600
2022-01-22,AU,Australia,0,1707359,101,3701
2022-01-23,AU,Australia,347960,2055319,98,3799
2022-01-24,AU,Australia,0,2055319,88,3887
2022-01-25,AU,Australia,0,2055319,111,3998
2022-01-26,AU,Australia,0,2055319,93,4091
2022-01-27,AU,Australia,0,2055319,89,4180
2022-01-28,AU,Australia,0,2055319,107,4287
2022-01-29,AU,Australia,0,2055319,94,4381
2022-01-30,AU,Australia,267817,2323136,88,4469
2022-01-31,AU,Australia,0,2323136,87,4556
2022-02-01,AU,Australia,0,2323136,101,4657
2022-02-02,AU,Australia,0,2323136,74,4731
2022-02-03,AU,Australia,0,2323136,86,4817
2022-02-04,AU,Australia,0,2323136,94,4911
2022-02-05,AU,Australia,0,2323136,77,4988
2022-02-06,AU,Australia,201112,2524248,62,5050
2022-02-07,AU,Australia,0,2524248,66,5116
2022-02-08,AU,Australia,0,2524248,64,5180
2022-02-09,AU,Australia,0,2524248,77,5257
2022-02-10,AU,Australia,0,2524248,60,5317
2022-02-11,AU,Australia,0,2524248,53,5370
2022-02-12,AU,Australia,0,2524248,64,5434
2022-02-13,AU,Australia,171754,2696002,52,5486
2022-02-14,AU,Australia,0,2696002,54,5540
2022-02-15,AU,Australia,0,2696002,47,5587
2022-02-16,AU,Australia,0,2696002,40,5627
2022-02-17,AU,Australia,0,2696002,43,5670
2022-02-18,AU,Australia,0,2696002,50,5720
2022-02-19,AU,Australia,0,2696002,54,5774
2022-02-20,AU,Australia,160429,2856431,36,5810
2022-02-21,AU,Australia,0,2856431,31,5841
2022-02-22,AU,Australia,0,2856431,25,5866
2022-02-23,AU,Australia,0,2856431,43,5909
2022-02-24,AU,Australia,0,2856431,46,5955
2022-02-25,AU,Australia,0,2856431,32,5987
2022-02-26,AU,Australia,0,2856431,41,6028
2022-02-27,AU,Australia,160402,3016833,24,6052
2022-02-28,AU,Australia,0,3016833,33,6085
2022-03-01,AU,Australia,0,3016833,19,6104
2022-03-02,AU,Australia,0,3016833,27,6131
2022-03-03,AU,Australia,0,3016833,25,6156
2022-03-04,AU,Australia,0,3016833,8,6164
2022-03-05,AU,Australia,0,3016833,22,6186
2022-03-06,AU,Australia,195717,3212550,17,6203
2022-03-07,AU,Australia,0,3212550,20,6223
2022-03-08,AU,Australia,0,3212550,19,6242
2022-03-09,AU,Australia,0,3212550,24,6266
2022-03-10,AU,Australia,0,3212550,14,6280
2022-03-11,AU,Australia,0,3212550,13,6293
2022-03-12,AU,Australia,0,3212550,20,6313
2022-03-13,AU,Australia,241848,3454398,30,6343
2022-03-14,AU,Australia,0,3454398,17,6360
2022-03-15,AU,Australia,0,3454398,21,6381
2022-03-16,AU,Australia,0,3454398,17,6398
2022-03-17,AU,Australia,0,3454398,27,6425
2022-03-18,AU,Australia,0,3454398,20,6445
2022-03-19,AU,Australia,0,3454398,15,6460
2022-03-20,AU,Australia,327240,3781638,22,6482
2022-03-21,AU,Australia,0,3781638,18,6500
2022-03-22,AU,Australia,0,3781638,19,6519
2022-03-23,AU,Australia,0,3781638,22,6541
2022-03-24,AU,Australia,0,3781638,26,6567
2022-03-25,AU,Australia,0,3781638,20,6587
2022-03-26,AU,Australia,0,3781638,24,6611
2022-03-27,AU,Australia,385762,4167400,20,6631
2022-03-28,AU,Australia,0,4167400,31,6662
2022-03-29,AU,Australia,0,4167400,28,6690
2022-03-30,AU,Australia,0,4167400,31,6721
2022-03-31,AU,Australia,0,4167400,25,6746
2022-04-01,AU,Australia,0,4167400,30,6776
2022-04-02,AU,Australia,0,4167400,28,6804
2022-04-03,AU,Australia,395982,4563382,27,6831
2022-04-04,AU,Australia,0,4563382,29,6860
2022-04-05,AU,Australia,0,4563382,33,6893
2022-04-06,AU,Australia,0,4563382,23,6916
2022-04-07,AU,Australia,0,4563382,28,6944
2022-04-08,AU,Australia,0,4563382,36,6980
2022-04-09,AU,Australia,0,4563382,23,7003
2022-04-10,AU,Australia,359765,4923147,26,7029
2022-04-11,AU,Australia,0,4923147,36,7065
2022-04-12,AU,Australia,0,4923147,43,7108
2022-04-13,AU,Australia,0,4923147,37,7145
2022-04-14,AU,Australia,0,4923147,44,7189
2022-04-15,AU,Australia,0,4923147,27,7216
2022-04-16,AU,Australia,0,4923147,39,7255
2022-04-17,AU,Australia,306184,5229331,24,7279
2022-04-18,AU,Australia,0,5229331,50,7329
2022-04-19,AU,Australia,0,5229331,39,7368
2022-04-20,AU,Australia,0,5229331,44,7412
2022-04-21,AU,Australia,0,5229331,47,7459
2022-04-22,AU,Australia,0,5229331,39,7498
2022-04-23,AU,Australia,0,5229331,50,7548
2022-04-24,AU,Australia,289282,5518613,46,7594
2022-04-25,AU,Australia,0,5518613,38,7632
2022-04-26,AU,Australia,0,5518613,34,7666
2022-04-27,AU,Australia,0,5518613,40,7706
2022-04-28,AU,Australia,0,5518613,49,7755
2022-04-29,AU,Australia,0,5518613,44,7799
2022-04-30,AU,Australia,0,5518613,53,7852
2022-05-01,AU,Australia,272054,5790667,37,7889
2022-05-02,AU,Australia,0,5790667,37,7926
2022-05-03,AU,Australia,0,5790667,39,7965
2022-05-04,AU,Australia,0,5790667,43,8008
2022-05-05,AU,Australia,0,5790667,42,8050
2022-05-06,AU,Australia,0,5790667,56,8106
2022-05-07,AU,Australia,0,5790667,53,8159
2022-05-08,AU,Australia,304061,6094728,45,8204
2022-05-09,AU,Australia,0,6094728,35,8239
2022-05-10,AU,Australia,0,6094728,46,8285
2022-05-11,AU,Australia,0,6094728,56,8341
2022-05-12,AU,Australia,0,6094728,49,8390
2022-05-13,AU,Australia,0,6094728,50,8440
2022-05-14,AU,Australia,0,6094728,50,8490
2022-05-15,AU,Australia,350375,6445103,53,8543
2022-05-16,AU,Australia,0,6445103,41,8584
2022-05-17,AU,Australia,0,6445103,37,8621
2022-05-18,AU,Australia,0,6445103,54,8675
2022-05-19,AU,Australia,0,6445103,46,8721
2022-05-20,AU,Australia,0,6445103,41,8762
2022-05-21,AU,Australia,0,6445103,44,8806
2022-05-22,AU,Australia,311716,6756819,54,8860
2022-05-23,AU,Australia,0,6756819,49,8909
2022-05-24,AU,Australia,0,6756819,57,8966
2022-05-25,AU,Australia,0,6756819,60,9026
2022-05-26,AU,Australia,0,6756819,51,9077
2022-05-27,AU,Australia,0,6756819,39,9116
2022-05-28,AU,Australia,0,6756819,47,9163
2022-05-29,AU,Australia,240429,6997248,41,9204
2022-05-30,AU,Australia,0,6997248,48,9252
2022-05-31,AU,Australia,0,6997248,44,9296
2022-06-01,AU,Australia,0,6997248,99,9395
2022-06-02,AU,Australia,0,6997248,53,9448
2022-06-03,AU,Australia,0,6997248,43,9491
2022-06-04,AU,Australia,0,6997248,40,9531
2022-06-05,AU,Australia,199964,7197212,48,9579
2022-06-06,AU,Australia,0,7197212,49,9628
2022-06-07,AU,Australia,0,7197212,49,9677
2022-06-08,AU,Australia,0,7197212,46,9723
2022-06-09,AU,Australia,0,7197212,38,9761
2022-06-10,AU,Australia,0,7197212,56,9817
2022-06-11,AU,Australia,0,7197212,45,9862
2022-06-12,AU,Australia,184472,7381684,48,9910
2022-06-13,AU,Australia,0,7381684,45,9955
2022-06-14,AU,Australia,0,7381684,42,9997
2022-06-15,AU,Australia,0,7381684,42,10039
2022-06-16,AU,Australia,0,7381684,54,10093
2022-06-17,AU,Australia,0,7381684,57,10150
2022-06-18,AU,Australia,0,7381684,45,10195
2022-06-19,AU,Australia,191043,7572727,59,10254
2022-06-20,AU,Australia,0,7572727,42,10296
2022-06-21,AU,Australia,0,7572727,46,10342
2022-06-22,AU,Australia,0,7572727,49,10391
2022-06-23,AU,Australia,0,7572727,60,10451
2022-06-24,AU,Australia,0,7572727,41,10492
2022-06-25,AU,Australia,0,7572727,44,10536
2022-06-26,AU,Australia,204308,7777035,42,10578
2022-06-27,AU,Australia,0,7777035,48,10626
2022-06-28,AU,Australia,0,7777035,54,10680
2022-06-29,AU,Australia,0,7777035,42,10722
2022-06-30,AU,Australia,0,7777035,48,10770
2022-07-01,AU,Australia,0,7777035,51,10821
2022-07-02,AU,Australia,0,7777035,0,10821
2022-07-03,AU,Australia,0,7777035,101,10922
2022-07-04,AU,Australia,243697,8020732,43,10965
2022-07-05,AU,Australia,0,8020732,57,11022
2022-07-06,AU,Australia,0,8020732,65,11087
2022-07-07,AU,Australia,0,8020732,61,11148
2022-07-08,AU,Australia,0,8020732,54,11202
2022-07-09,AU,Australia,0,8020732,58,11260
2022-07-10,AU,Australia,0,8020732,62,11322
2022-07-11,AU,Australia,271605,8292337,60,11382
2022-07-12,AU,Australia,0,8292337,57,11439
2022-07-13,AU,Australia,0,8292337,56,11495
2022-07-14,AU,Australia,0,8292337,62,11557
2022-07-15,AU,Australia,0,8292337,77,11634
2022-07-16,AU,Australia,0,8292337,67,11701
2022-07-17,AU,Australia,0,8292337,72,11773
2022-07-18,AU,Australia,303029,8595366,87,11860
2022-07-19,AU,Australia,0,8595366,66,11926
2022-07-20,AU,Australia,0,8595366,101,12027
2022-07-21,AU,Australia,0,8595366,96,12123
2022-07-22,AU,Australia,0,8595366,92,12215
2022-07-23,AU,Australia,0,8595366,73,12288
2022-07-24,AU,Australia,0,8595366,92,12380
2022-07-25,AU,Australia,319779,8915145,97,12477
2022-07-26,AU,Australia,0,8915145,85,12562
2022-07-27,AU,Australia,0,8915145,95,12657
2022-07-28,AU,Australia,0,8915145,86,12743
2022-07-29,AU,Australia,0,8915145,94,12837
2022-07-30,AU,Australia,0,8915145,75,12912
2022-07-31,AU,Australia,0,8915145,86,12998
2022-08-01,AU,Australia,259334,9174479,89,13087
2022-08-02,AU,Australia,0,9174479,92,13179
2022-08-03,AU,Australia,0,9174479,103,13282
2022-08-04,AU,Australia,0,9174479,81,13363
2022-08-05,AU,Australia,0,9174479,78,13441
2022-08-06,AU,Australia,0,9174479,77,13518
2022-08-07,AU,Australia,0,9174479,83,13601
2022-08-08,AU,Australia,200397,9374876,80,13681
2022-08-09,AU,Australia,0,9374876,81,13762
2022-08-10,AU,Australia,0,9374876,77,13839
2022-08-11,AU,Australia,0,9374876,67,13906
2022-08-12,AU,Australia,0,9374876,76,13982
2022-08-13,AU,Australia,0,9374876,71,14053
2022-08-14,AU,Australia,0,9374876,74,14127
2022-08-15,AU,Australia,139178,9514054,61,14188
2022-08-16,AU,Australia,0,9514054,73,14261
2022-08-17,AU,Australia,0,9514054,52,14313
2022-08-18,AU,Australia,0,9514054,45,14358
2022-08-19,AU,Australia,0,9514054,60,14418
2022-08-20,AU,Australia,0,9514054,49,14467
2022-08-21,AU,Australia,0,9514054,35,14502
2022-08-22,AU,Australia,103184,9617238,51,14553
2022-08-23,AU,Australia,0,9617238,48,14601
2022-08-24,AU,Australia,0,9617238,41,14642
2022-08-25,AU,Australia,0,9617238,49,14691
2022-08-26,AU,Australia,0,9617238,44,14735
2022-08-27,AU,Australia,0,9617238,50,14785
2022-08-28,AU,Australia,0,9617238,46,14831
2022-08-29,AU,Australia,79985,9697223,39,14870
2022-08-30,AU,Australia,0,9697223,40,14910
2022-08-31,AU,Australia,0,9697223,28,14938
2022-09-01,AU,Australia,0,9697223,31,14969
2022-09-02,AU,Australia,0,9697223,40,15009
2022-09-03,AU,Australia,0,9697223,29,15038
2022-09-04,AU,Australia,0,9697223,33,15071
2022-09-05,AU,Australia,63392,9760615,35,15106
2022-09-06,AU,Australia,0,9760615,30,15136
2022-09-07,AU,Australia,0,9760615,32,15168
2022-09-08,AU,Australia,0,9760615,33,15201
2022-09-09,AU,Australia,0,9760615,35,15236
2022-09-10,AU,Australia,0,9760615,28,15264
2022-09-11,AU,Australia,0,9760615,21,15285
2022-09-12,AU,Australia,51273,9811888,24,15309
2022-09-13,AU,Australia,0,9811888,28,15337
2022-09-14,AU,Australia,0,9811888,26,15363
2022-09-15,AU,Australia,0,9811888,24,15387
2022-09-16,AU,Australia,0,9811888,30,15417
2022-09-17,AU,Australia,0,9811888,19,15436
2022-09-18,AU,Australia,0,9811888,33,15469
2022-09-19,AU,Australia,43401,9855289,0,15469
2022-09-20,AU,Australia,0,9855289,0,15469
2022-09-21,AU,Australia,0,9855289,0,15469
2022-09-22,AU,Australia,0,9855289,0,15469
2022-09-23,AU,Australia,0,9855289,0,15469
2022-09-24,AU,Australia,0,9855289,0,15469
2022-09-25,AU,Australia,0,9855289,147,15616
2022-09-26,AU,Australia,37578,9892867,0,15616
2022-09-27,AU,Australia,0,9892867,0,15616
2022-09-28,AU,Australia,0,9892867,0,15616
2022-09-29,AU,Australia,0,9892867,0,15616
2022-09-30,AU,Australia,0,9892867,0,15616
2022-10-01,AU,Australia,0,9892867,0,15616
2022-10-02,AU,Australia,0,9892867,113,15729
2022-10-03,AU,Australia,38674,9931541,0,15729
2022-10-04,AU,Australia,0,9931541,0,15729
2022-10-05,AU,Australia,0,9931541,0,15729
2022-10-06,AU,Australia,0,9931541,0,15729
2022-10-07,AU,Australia,0,9931541,0,15729
2022-10-08,AU,Australia,0,9931541,0,15729
2022-10-09,AU,Australia,0,9931541,102,15831
2022-10-10,AU,Australia,31327,9962868,0,15831
2022-10-11,AU,Australia,0,9962868,0,15831
2022-10-12,AU,Australia,0,9962868,0,15831
2022-10-13,AU,Australia,0,9962868,0,15831
2022-10-14,AU,Australia,0,9962868,0,15831
2022-10-15,AU,Australia,0,9962868,0,15831
2022-10-16,AU,Australia,0,9962868,74,15905
2022-10-17,AU,Australia,29620,9992488,0,15905
2022-10-18,AU,Australia,0,9992488,0,15905
2022-10-19,AU,Australia,0,9992488,0,15905
2022-10-20,AU,Australia,0,9992488,0,15905
2022-10-21,AU,Australia,0,9992488,0,15905
2022-10-22,AU,Australia,0,9992488,0,15905
2022-10-23,AU,Australia,0,9992488,103,16008
2022-10-24,AU,Australia,30363,10022851,0,16008
2022-10-25,AU,Australia,0,10022851,0,16008
2022-10-26,AU,Australia,0,10022851,0,16008
2022-10-27,AU,Australia,0,10022851,0,16008
2022-10-28,AU,Australia,0,10022851,0,16008
2022-10-29,AU,Australia,0,10022851,0,16008
2022-10-30,AU,Australia,0,10022851,85,16093
2022-10-31,AU,Australia,35763,10058614,0,16093
2022-11-01,AU,Australia,0,10058614,0,16093
2022-11-02,AU,Australia,0,10058614,0,16093
2022-11-03,AU,Australia,0,10058614,0,16093
2022-11-04,AU,Australia,0,10058614,0,16093
2022-11-05,AU,Australia,0,10058614,0,16093
2022-11-06,AU,Australia,0,10058614,111,16204
2022-11-07,AU,Australia,52310,10110924,0,16204
2022-11-08,AU,Australia,0,10110924,0,16204
2022-11-09,AU,Australia,0,10110924,0,16204
2022-11-10,AU,Australia,0,10110924,0,16204
2022-11-11,AU,Australia,0,10110924,0,16204
2022-11-12,AU,Australia,0,10110924,0,16204
2022-11-13,AU,Australia,0,10110924,116,16320
2022-11-14,AU,Australia,73573,10184497,0,16320
2022-11-15,AU,Australia,0,10184497,0,16320
2022-11-16,AU,Australia,0,10184497,0,16320
2022-11-17,AU,Australia,0,10184497,0,16320
2022-11-18,AU,Australia,0,10184497,0,16320
2022-11-19,AU,Australia,0,10184497,0,16320
2022-11-20,AU,Australia,0,10184497,154,16474
2022-11-21,AU,Australia,83407,10267904,0,16474
2022-11-22,AU,Australia,0,10267904,0,16474
2022-11-23,AU,Australia,0,10267904,0,16474
2022-11-24,AU,Australia,0,10267904,0,16474
2022-11-25,AU,Australia,0,10267904,0,16474
2022-11-26,AU,Australia,0,10267904,0,16474
2022-11-27,AU,Australia,0,10267904,178,16652
2022-11-28,AU,Australia,97897,10365801,0,16652
2022-11-29,AU,Australia,0,10365801,0,16652
2022-11-30,AU,Australia,0,10365801,0,16652
2022-12-01,AU,Australia,0,10365801,0,16652
2022-12-02,AU,Australia,0,10365801,0,16652
2022-12-03,AU,Australia,0,10365801,0,16652
2022-12-04,AU,Australia,0,10365801,259,16911
2022-12-05,AU,Australia,107902,10473703,0,16911
2022-12-06,AU,Australia,0,10473703,0,16911
2022-12-07,AU,Australia,0,10473703,0,16911
2022-12-08,AU,Australia,0,10473703,0,16911
2022-12-09,AU,Australia,0,10473703,0,16911
2022-12-10,AU,Australia,0,10473703,0,16911
2022-12-11,AU,Australia,0,10473703,272,17183
2022-12-12,AU,Australia,112016,10585719,0,17183
2022-12-13,AU,Australia,0,10585719,0,17183
2022-12-14,AU,Australia,0,10585719,0,17183
2022-12-15,AU,Australia,0,10585719,0,17183
2022-12-16,AU,Australia,0,10585719,0,17183
2022-12-17,AU,Australia,0,10585719,0,17183
2022-12-18,AU,Australia,0,10585719,299,17482
2022-12-19,AU,Australia,108322,10694041,0,17482
2022-12-20,AU,Australia,0,10694041,0,17482
2022-12-21,AU,Australia,0,10694041,0,17482
2022-12-22,AU,Australia,0,10694041,0,17482
2022-12-23,AU,Australia,0,10694041,0,17482
2022-12-24,AU,Australia,0,10694041,0,17482
2022-12-25,AU,Australia,0,10694041,334,17816
2022-12-26,AU,Australia,91518,10785559,0,17816
2022-12-27,AU,Australia,0,10785559,0,17816
2022-12-28,AU,Australia,0,10785559,0,17816
2022-12-29,AU,Australia,0,10785559,0,17816
2022-12-30,AU,Australia,0,10785559,0,17816